full_name,team_name,team_strength,position_name,now_cost,short_name,name,FPL_ID,Understat_Name
Aaron Cresswell,West Ham,3,Defender,5,WHU,Aaron Cresswell,411,Aaron Cresswell
Aaron Ramsdale,Arsenal,4,Goalkeeper,5,ARS,Aaron Ramsdale,559,Aaron Ramsdale
Aaron Wan-Bissaka,Man Utd,4,Defender,4.5,MUN,Aaron Wan-Bissaka,288,Aaron Wan-Bissaka
Abdoulaye Doucouré,Everton,3,Midfielder,5.5,EVE,Abdoulaye Doucouré,173,Abdoulaye Doucouré
Adam Armstrong,Southampton,3,Forward,5.5,SOU,Adam Armstrong,525,Adam Armstrong
Adam Forshaw,Leeds,2,Midfielder,4.5,LEE,Adam Forshaw,552,Adam Forshaw
Adam Lallana,Brighton,3,Midfielder,5,BHA,Adam Lallana,53,Adam Lallana
Adam Smith,Bournemouth,2,Defender,4.5,BOU,,,
Adam Webster,Brighton,3,Defender,4.5,BHA,Adam Webster,61,Adam Webster
Adama Traoré Diarra,Wolves,3,Midfielder,5.5,WOL,Adama Traoré,435,Adama Traoré
Adrián San Miguel del Castillo,Liverpool,5,Goalkeeper,4,LIV,Adrián San Miguel del Castillo,223,Adrián
Ainsley Maitland-Niles,Arsenal,4,Midfielder,5,ARS,Ainsley Maitland-Niles,13,Ainsley Maitland-Niles
Albert Sambi Lokonga,Arsenal,4,Midfielder,4.5,ARS,Albert Sambi Lokonga,478,Albert Sambi Lokonga
Aleksandar Mitrović,Fulham,2,Forward,6.5,FUL,,,
Alex Iwobi,Everton,3,Midfielder,5.5,EVE,Alex Iwobi,174,Alex Iwobi
Alex McCarthy,Southampton,3,Goalkeeper,4.5,SOU,Alex McCarthy,334,Alex McCarthy
Alex Mighten,Nott'm Forest,2,Midfielder,5,NFO,,,
Alex Oxlade-Chamberlain,Liverpool,5,Midfielder,5,LIV,Alex Oxlade-Chamberlain,227,Alex Oxlade-Chamberlain
Alex Telles,Man Utd,4,Defender,5,MUN,Alex Nicolao Telles,279,Alex Telles
Alexis Mac Allister,Brighton,3,Midfielder,5.5,BHA,Alexis Mac Allister,74,Alexis Mac Allister
Alfie Devine,Spurs,4,Midfielder,4.5,TOT,,,
Alisson Ramses Becker,Liverpool,5,Goalkeeper,5.5,LIV,Alisson Ramses Becker,231,Alisson
Allan Marques Loureiro,Everton,3,Midfielder,5,EVE,Allan Marques Loureiro,171,Allan
Allan Saint-Maximin,Newcastle,3,Midfielder,6.5,NEW,Allan Saint-Maximin,307,Allan Saint-Maximin
Alphonse Areola,West Ham,3,Goalkeeper,4.5,WHU,Alphonse Areola,489,Alphonse Areola
André Tavares Gomes,Everton,3,Midfielder,4.5,EVE,André Filipe Tavares Gomes,172,André Gomes
Andreas Hoelgebaum Pereira,Man Utd,4,Midfielder,4.5,MUN,Andreas Pereira,511,Andreas Pereira
Andrew Robertson,Liverpool,5,Defender,7,LIV,Andrew Robertson,234,Andrew Robertson
Andros Townsend,Everton,3,Midfielder,5.5,EVE,Andros Townsend,482,Andros Townsend
Angelo Ogbonna,West Ham,3,Defender,4.5,WHU,Angelo Ogbonna,409,Angelo Ogbonna
Anthony Elanga,Man Utd,4,Midfielder,5,MUN,Anthony Elanga,512,Anthony Elanga
Anthony Gordon,Everton,3,Midfielder,5.5,EVE,Anthony Gordon,503,Anthony Gordon
Anthony Knockaert,Fulham,2,Midfielder,5,FUL,,,
Anthony Martial,Man Utd,4,Forward,7,MUN,Anthony Martial,278,Anthony Martial
Antonee Robinson,Fulham,2,Defender,4.5,FUL,,,
Anwar El Ghazi,Aston Villa,3,Midfielder,5,AVL,Anwar El Ghazi,42,Anwar El Ghazi
Armando Broja,Chelsea,4,Forward,5.5,CHE,Armando Broja,518,Armando Broja
Armel Bella-Kotchap,Southampton,3,Defender,4.5,SOU,,,
Arthur Masuaku,West Ham,3,Defender,4.5,WHU,Arthur Masuaku,417,Arthur Masuaku
Asmir Begović,Everton,3,Goalkeeper,4,EVE,Asmir Begovic,481,Asmir Begovic
Aymeric Laporte,Man City,5,Defender,6,MCI,Aymeric Laporte,259,Aymeric Laporte
Ayoze Pérez,Leicester,3,Midfielder,5,LEI,Ayoze Pérez,211,Ayoze Pérez
Ben Chilwell,Chelsea,4,Defender,6,CHE,Benjamin Chilwell,135,Ben Chilwell
Ben Davies,Liverpool,5,Defender,4,LIV,,,
Ben Davies,Spurs,4,Defender,5,TOT,Ben Davies,364,Ben Davies
Ben Godfrey,Everton,3,Defender,4.5,EVE,Ben Godfrey,179,Ben Godfrey
Ben Johnson,West Ham,3,Defender,4.5,WHU,Ben Johnson,425,Ben Johnson
Ben Pearson,Bournemouth,2,Midfielder,4.5,BOU,,,
Benjamin White,Arsenal,4,Defender,4.5,ARS,Ben White,67,Ben White
Bernardo Veiga de Carvalho e Silva,Man City,5,Midfielder,7,MCI,Bernardo Mota Veiga de Carvalho e Silva,261,Bernardo Silva
Bernd Leno,Arsenal,4,Goalkeeper,4.5,ARS,Bernd Leno,1,Bernd Leno
Bertrand Traoré,Aston Villa,3,Midfielder,5,AVL,Bertrand Traoré,32,Bertrand Traoré
Billy Gilmour,Chelsea,4,Midfielder,4.5,CHE,Billy Gilmour,145,Billy Gilmour
Bobby De Cordova-Reid,Fulham,2,Midfielder,5.5,FUL,,,
Boubacar Kamara,Aston Villa,3,Midfielder,5,AVL,,,
Boubakary Soumaré,Leicester,3,Midfielder,4.5,LEI,Boubakary Soumaré,458,Boubakary Soumare
Braian Ojeda Rodríguez,Nott'm Forest,2,Midfielder,4.5,NFO,,,
Brandon Austin,Spurs,4,Goalkeeper,4,TOT,,,
Brandon Williams,Man Utd,4,Defender,4,MUN,Brandon Williams,290,Brandon Williams
Brenden Aaronson,Leeds,2,Midfielder,5.5,LEE,,,
Brennan Johnson,Nott'm Forest,2,Forward,6,NFO,,,
Brice Samba,Nott'm Forest,2,Goalkeeper,4.5,NFO,,,
Bruno Borges Fernandes,Man Utd,4,Midfielder,10,MUN,Bruno Miguel Borges Fernandes,277,Bruno Fernandes
Bruno Guimarães Rodriguez Moura,Newcastle,3,Midfielder,6,NEW,Bruno Guimarães Rodriguez Moura,697,Bruno Guimarães
Bryan Mbeumo,Brentford,3,Forward,6,BRE,Bryan Mbeumo,96,Bryan Mbeumo
Bukayo Saka,Arsenal,4,Midfielder,8,ARS,Bukayo Saka,22,Bukayo Saka
Çaglar Söyüncü,Leicester,3,Defender,4.5,LEI,Çaglar Söyüncü,217,Caglar Söyüncü
Callum Hudson-Odoi,Chelsea,4,Midfielder,5.5,CHE,Callum Hudson-Odoi,140,Callum Hudson-Odoi
Callum Wilson,Newcastle,3,Forward,7.5,NEW,Callum Wilson,296,Callum Wilson
Calum Chambers,Aston Villa,3,Defender,4.5,AVL,Calum Chambers,10,Calum Chambers
Calvin Ramsay,Liverpool,5,Defender,4,LIV,,,
Cameron Archer,Aston Villa,3,Forward,4.5,AVL,Cameron Archer,568,Cameron Archer
Caoimhin Kelleher,Liverpool,5,Goalkeeper,4,LIV,Caoimhin Kelleher,242,Caoimhin Kelleher
Carlos Ribeiro Dias,Nott'm Forest,2,Midfielder,4.5,NFO,,,
Carney Chukwuemeka,Aston Villa,3,Midfielder,4.5,AVL,Carney Chukwuemeka,526,Carney Chukwuemeka
Cédric Alves Soares,Arsenal,4,Defender,4.5,ARS,Cédric Soares,5,Cédric Soares
César Azpilicueta,Chelsea,4,Defender,5,CHE,César Azpilicueta,119,César Azpilicueta
Charlie Goode,Brentford,3,Defender,4,BRE,Charlie Goode,87,Charlie Goode
Che Adams,Southampton,3,Forward,6.5,SOU,Che Adams,345,Che Adams
Chris Mepham,Bournemouth,2,Defender,4.5,BOU,,,
Chris Wood,Newcastle,3,Forward,6,NEW,Chris Wood,109,Chris Wood
Christian Benteke,Crystal Palace,3,Forward,5.5,CRY,Christian Benteke,149,Christian Benteke
Christian Nørgaard,Brentford,3,Midfielder,5.5,BRE,Christian Nørgaard,77,Christian Nørgaard
Christian Pulisic,Chelsea,4,Midfielder,6,CHE,Christian Pulisic,137,Christian Pulisic
Ciaran Clark,Newcastle,3,Defender,4.5,NEW,Ciaran Clark,293,Ciaran Clark
Cole Palmer,Man City,5,Midfielder,4.5,MCI,Cole Palmer,507,Cole Palmer
Conor Coady,Wolves,3,Defender,5,WOL,Conor Coady,429,Conor Coady
Conor Gallagher,Chelsea,4,Midfielder,6,CHE,Conor Gallagher,144,Conor Gallagher
Craig Dawson,West Ham,3,Defender,5,WHU,Craig Dawson,414,Craig Dawson
Cristian Romero,Spurs,4,Defender,5,TOT,Cristian Romero,494,Cristian Romero
Cristiano Ronaldo dos Santos Aveiro,Man Utd,4,Forward,10.5,MUN,Cristiano Ronaldo dos Santos Aveiro,579,Cristiano Ronaldo
Crysencio Summerville,Leeds,2,Midfielder,4.5,LEE,Crysencio Summerville,551,Crysencio Summerville
Curtis Jones,Liverpool,5,Midfielder,5,LIV,Curtis Jones,244,Curtis Jones
Dan Burn,Newcastle,3,Defender,4.5,NEW,Dan Burn,58,Dan Burn
Dane Scarlett,Spurs,4,Forward,4.5,TOT,Dane Scarlett,520,Dane Scarlett
Daniel Amartey,Leicester,3,Defender,4.5,LEI,Daniel Amartey,208,Daniel Amartey
Daniel Castelo Podence,Wolves,3,Midfielder,5.5,WOL,Daniel Castelo Podence,438,Daniel Podence
Daniel James,Leeds,2,Midfielder,6,LEE,Daniel James,287,Daniel James
Danny Ings,Aston Villa,3,Forward,7,AVL,Danny Ings,337,Danny Ings
Danny Ward,Leicester,3,Goalkeeper,4,LEI,Danny Ward,204,Danny Ward
Danny Welbeck,Brighton,3,Forward,6.5,BHA,Danny Welbeck,447,Danny Welbeck
Darko Gyabi,Leeds,2,Midfielder,4.5,LEE,Darren Randolph,407,Darren Randolph
Darwin Núñez Ribeiro,Liverpool,5,Forward,9,LIV,,,
David Brooks,Bournemouth,2,Midfielder,5.5,BOU,,,
David De Gea Quintana,Man Utd,4,Goalkeeper,5,MUN,David de Gea,270,David de Gea
David Raya Martin,Brentford,3,Goalkeeper,4.5,BRE,David Raya Martin,80,David Raya
Davinson Sánchez,Spurs,4,Defender,4.5,TOT,Davinson Sánchez,367,Davinson Sánchez
Dean Henderson,Nott'm Forest,2,Goalkeeper,4.5,NFO,Dean Henderson,280,Dean Henderson
Declan Rice,West Ham,3,Midfielder,5,WHU,Declan Rice,421,Declan Rice
Dejan Kulusevski,Spurs,4,Midfielder,8,TOT,Dejan Kulusevski,701,Dejan Kulusevski
Dele Alli,Everton,3,Midfielder,5.5,EVE,,,
Demarai Gray,Everton,3,Midfielder,5.5,EVE,Demarai Gray,484,Demarai Gray
Deniz Undav,Brighton,3,Forward,5.5,BHA,,,
Diego Carlos Santos Silva,Aston Villa,3,Defender,5,AVL,,,
Diego Llorente,Leeds,2,Defender,4.5,LEE,Diego Llorente,190,Diego Llorente
Diogo Dalot Teixeira,Man Utd,4,Defender,4.5,MUN,José Diogo Dalot Teixeira,510,Diogo Dalot
Diogo Teixeira da Silva,Liverpool,5,Forward,9,LIV,Diogo Jota,240,Diogo Jota
Dominic Calvert-Lewin,Everton,3,Forward,8,EVE,Dominic Calvert-Lewin,177,Dominic Calvert-Lewin
Dominic Solanke,Bournemouth,2,Forward,6,BOU,,,
Dominic Thompson,Brentford,3,Defender,4,BRE,Dominic Thompson,498,Dominic Thompson
Donny van de Beek,Man Utd,4,Midfielder,5.5,MUN,Donny van de Beek,282,Donny van de Beek
Douglas Luiz Soares de Paulo,Aston Villa,3,Midfielder,5,AVL,Douglas Luiz Soares de Paulo,50,Douglas Luiz
Dwight Gayle,Newcastle,3,Forward,4.5,NEW,Dwight Gayle,300,Dwight Gayle
Eberechi Eze,Crystal Palace,3,Midfielder,5.5,CRY,Eberechi Eze,160,Eberechi Eze
Eddie Nketiah,Arsenal,4,Forward,7,ARS,Edward Nketiah,20,Eddie Nketiah
Ederson Santana de Moraes,Man City,5,Goalkeeper,5.5,MCI,Ederson Santana de Moraes,257,Ederson
Edouard Mendy,Chelsea,4,Goalkeeper,5,CHE,Edouard Mendy,143,Edouard Mendy
Ellery Balcombe,Brentford,3,Goalkeeper,4,BRE,,,
Emerson Leite de Souza Junior,Spurs,4,Defender,5,TOT,Emerson Aparecido Leite de Souza Junior,588,Emerson
Emil Krafth,Newcastle,3,Defender,4.5,NEW,Emil Krafth,303,Emil Krafth
Emile Smith Rowe,Arsenal,4,Midfielder,6,ARS,Emile Smith Rowe,21,Emile Smith-Rowe
Emiliano Buendía Stati,Aston Villa,3,Midfielder,6,AVL,Emiliano Buendía Stati,43,Emiliano Buendía
Emiliano Marcondes,Bournemouth,2,Midfielder,5,BOU,,,
Emiliano Martínez Romero,Aston Villa,3,Goalkeeper,5,AVL,Emiliano Martínez,30,Emiliano Martinez
Enock Mwepu,Brighton,3,Midfielder,5.5,BHA,Enock Mwepu,462,Enock Mwepu
Eric Bailly,Man Utd,4,Defender,4,MUN,Eric Bailly,286,Eric Bailly
Eric Dier,Spurs,4,Defender,5,TOT,Eric Dier,361,Eric Dier
Erling Håland,Man City,5,Forward,11.5,MCI,,,
Ethan Ampadu,Chelsea,4,Defender,4.5,CHE,Ethan Ampadu,139,Ethan Ampadu
Ethan Pinnock,Brentford,3,Defender,4.5,BRE,Ethan Pinnock,91,Ethan Pinnock
Ezri Konsa Ngoyo,Aston Villa,3,Defender,4.5,AVL,Ezri Konsa Ngoyo,45,Ezri Konsa Ngoyo
Fabian Schär,Newcastle,3,Defender,4.5,NEW,Fabian Schär,305,Fabian Schär
Fábio Ferreira Vieira,Arsenal,4,Midfielder,6,ARS,,,
Fábio Freitas Gouveia Carvalho,Liverpool,5,Midfielder,5.5,LIV,,,
Fabio Henrique Tavares,Liverpool,5,Midfielder,5.5,LIV,Fabio Henrique Tavares,232,Fabinho
Fabio Silva,Wolves,3,Forward,5.5,WOL,Fabio Silva,445,Fabio Silva
Facundo Pellistri Rebollo,Man Utd,4,Midfielder,4.5,MUN,,,
Federico Fernández,Newcastle,3,Defender,4.5,NEW,Federico Fernández,465,Federico Fernández
Francisco Jorge Tomás Oliveira,Wolves,3,Midfielder,5,WOL,Francisco Jorge Tomás Oliveira,689,Chiquinho
Frank Onyeka,Brentford,3,Midfielder,5,BRE,Frank Onyeka,479,Frank Onyeka
Fraser Forster,Spurs,4,Goalkeeper,4,TOT,Fraser Forster,333,Fraser Forster
Frédéric Guilbert,Aston Villa,3,Defender,4,AVL,Frédéric Guilbert,46,Frederic Guilbert
Frederico Rodrigues de Paula Santos,Man Utd,4,Midfielder,5.5,MUN,Frederico Rodrigues de Paula Santos,274,Fred
Gabriel dos Santos Magalhães,Arsenal,4,Defender,5,ARS,Gabriel Magalhães,23,Gabriel
Gabriel Fernando de Jesus,Arsenal,4,Forward,8,ARS,Gabriel Fernando de Jesus,263,Gabriel Jesus
Gabriel Martinelli Silva,Arsenal,4,Midfielder,6,ARS,Gabriel Teodoro Martinelli Silva,26,Gabriel Martinelli
Gavin Bazunu,Southampton,3,Goalkeeper,4.5,SOU,,,
Giulian Biancone,Nott'm Forest,2,Defender,4.5,NFO,,,
Granit Xhaka,Arsenal,4,Midfielder,5,ARS,Granit Xhaka,7,Granit Xhaka
Hakim Ziyech,Chelsea,4,Midfielder,6,CHE,Hakim Ziyech,131,Hakim Ziyech
Hamza Choudhury,Leicester,3,Midfielder,4.5,LEI,Hamza Choudhury,214,Hamza Choudhury
Harrison Reed,Fulham,2,Midfielder,4.5,FUL,,,
Harry Arter,Nott'm Forest,2,Midfielder,4.5,NFO,,,
Harry Kane,Spurs,4,Forward,11.5,TOT,Harry Kane,357,Harry Kane
Harry Maguire,Man Utd,4,Defender,5,MUN,Harry Maguire,273,Harry Maguire
Harry Wilson,Fulham,2,Midfielder,6,FUL,,,
Harry Winks,Spurs,4,Midfielder,4.5,TOT,Harry Winks,366,Harry Winks
Harvey Barnes,Leicester,3,Midfielder,7,LEI,Harvey Barnes,215,Harvey Barnes
Harvey Elliott,Liverpool,5,Midfielder,5,LIV,Harvey Elliott,506,Harvey Elliott
Harvey White,Spurs,4,Midfielder,4.5,TOT,,,
Haydon Roberts,Brighton,3,Defender,4,BHA,,,
Hugo Lloris,Spurs,4,Goalkeeper,5.5,TOT,Hugo Lloris,353,Hugo Lloris
Hwang Hee-chan,Wolves,3,Midfielder,6,WOL,Hee-Chan Hwang,583,Hee-Chan Hwang
Ibrahima Diallo,Southampton,3,Midfielder,4.5,SOU,Ibrahima Diallo,349,Ibrahima Diallo
Ibrahima Konaté,Liverpool,5,Defender,5,LIV,Ibrahima Konaté,243,Ibrahima Konaté
Ilkay Gündogan,Man City,5,Midfielder,7.5,MCI,Ilkay Gündogan,250,Ilkay Gündogan
Illan Meslier,Leeds,2,Goalkeeper,4.5,LEE,Illan Meslier,199,Illan Meslier
Issa Diop,West Ham,3,Defender,4.5,WHU,Issa Diop,424,Issa Diop
Ivan Neves Abreu Cavaleiro,Fulham,2,Midfielder,5,FUL,,,
Ivan Perišić,Spurs,4,Defender,5.5,TOT,,,
Ivan Toney,Brentford,3,Forward,7,BRE,Ivan Toney,78,Ivan Toney
Jack Butland,Crystal Palace,3,Goalkeeper,4.5,CRY,,,
Jack Colback,Nott'm Forest,2,Midfielder,4.5,NFO,,,
Jack Grealish,Man City,5,Midfielder,7,MCI,Jack Grealish,33,Jack Grealish
Jack Harrison,Leeds,2,Midfielder,6,LEE,Jack Harrison,267,Jack Harrison
Jack Stacey,Bournemouth,2,Defender,4.5,BOU,,,
Jack Stephens,Southampton,3,Defender,4.5,SOU,Jack Stephens,338,Jack Stephens
Jacob Murphy,Newcastle,3,Midfielder,4.5,NEW,Jacob Murphy,304,Jacob Murphy
Jacob Ramsey,Aston Villa,3,Midfielder,5.5,AVL,Jacob Ramsey,51,Jacob Ramsey
Jaden Philogene-Bidace,Aston Villa,3,Midfielder,4.5,AVL,Jaden Philogene-Bidace,497,Jaden Philogene-Bidace
Jadon Sancho,Man Utd,4,Midfielder,7.5,MUN,Jadon Sancho,485,Jadon Sancho
Jaidon Anthony,Bournemouth,2,Midfielder,5.5,BOU,,,
Jairo Riedewald,Crystal Palace,3,Midfielder,4.5,CRY,Jairo Riedewald,157,Jairo Riedewald
Jakub Moder,Brighton,3,Midfielder,4.5,BHA,Jakub Moder,75,Jakub Moder
Jamaal Lascelles,Newcastle,3,Defender,4.5,NEW,Jamaal Lascelles,299,Jamaal Lascelles
Jamal Lewis,Newcastle,3,Defender,4.5,NEW,Jamal Lewis,311,Jamal Lewis
Jamal Lowe,Bournemouth,2,Midfielder,5.5,BOU,,,
James Justin,Leicester,3,Defender,4.5,LEI,James Justin,218,James Justin
James Maddison,Leicester,3,Midfielder,8,LEI,James Maddison,212,James Maddison
James McArthur,Crystal Palace,3,Midfielder,5,CRY,James McArthur,148,James McArthur
James McAtee,Man City,5,Midfielder,4.5,MCI,James McAtee,629,James McAtee
James Milner,Liverpool,5,Midfielder,4.5,LIV,James Milner,221,James Milner
James Tarkowski,Everton,3,Defender,4.5,EVE,James Tarkowski,98,James Tarkowski
James Tomkins,Crystal Palace,3,Defender,4,CRY,James Tomkins,147,James Tomkins
James Ward-Prowse,Southampton,3,Midfielder,6.5,SOU,James Ward-Prowse,341,James Ward-Prowse
Jamie Shackleton,Leeds,2,Midfielder,4.5,LEE,Jamie Shackleton,197,Jamie Shackleton
Jamie Vardy,Leicester,3,Forward,9.5,LEI,Jamie Vardy,205,Jamie Vardy
Jan Bednarek,Southampton,3,Defender,4.5,SOU,Jan Bednarek,343,Jan Bednarek
Jannik Vestergaard,Leicester,3,Defender,4,LEI,Jannik Vestergaard,340,Jannik Vestergaard
Japhet Tanganga,Spurs,4,Defender,4,TOT,Japhet Tanganga,371,Japhet Tanganga
Jarrad Branthwaite,Everton,3,Defender,4,EVE,Jarrad Branthwaite,544,Jarrad Branthwaite
Jarrod Bowen,West Ham,3,Midfielder,8.5,WHU,Jarrod Bowen,420,Jarrod Bowen
Jason Steele,Brighton,3,Goalkeeper,4,BHA,Jason Steele,54,Jason Steele
Javier Manquillo Gaitán,Newcastle,3,Defender,4.5,NEW,Javier Manquillo,302,Javier Manquillo
Jay Stansfield,Fulham,2,Forward,4.5,FUL,,,
Jean-Philippe Gbamin,Everton,3,Midfielder,4.5,EVE,Jay Rodriguez,104,Jay Rodriguez
Jean-Philippe Mateta,Crystal Palace,3,Forward,5.5,CRY,Jean-Philippe Mateta,159,Jean-Philippe Mateta
Jeff Hendrick,Newcastle,3,Midfielder,4.5,NEW,Jeff Hendrick,297,Jeff Hendrick
Jefferson Lerma Solís,Bournemouth,2,Midfielder,5,BOU,,,
Jeffrey Schlupp,Crystal Palace,3,Midfielder,5,CRY,Jeffrey Schlupp,155,Jeffrey Schlupp
Jeremy Sarmiento Morante,Brighton,3,Midfielder,4.5,BHA,Jeremy Sarmiento,612,Jeremy Sarmiento
Jesurun Rak-Sakyi,Crystal Palace,3,Midfielder,4.5,CRY,Jesurun Rak-Sakyi,541,Jesurun Rak-Sakyi
Joachim Andersen,Crystal Palace,3,Defender,4.5,CRY,Joachim Andersen,488,Joachim Andersen
João Cancelo,Man City,5,Defender,7,MCI,João Pedro Cavaco Cancelo,256,João Cancelo
João Filipe Iria Santos Moutinho,Wolves,3,Midfielder,5,WOL,João Filipe Iria Santos Moutinho,426,João Moutinho
João Palhinha Gonçalves,Fulham,2,Midfielder,5,FUL,,,
Joe Bryan,Fulham,2,Defender,4.5,FUL,,,
Joe Gelhardt,Leeds,2,Forward,5.5,LEE,Joe Gelhardt,577,Joe Gelhardt
Joe Lolley,Nott'm Forest,2,Midfielder,5,NFO,,,
Joe Rodon,Spurs,4,Defender,4,TOT,Joe Rodon,374,Joe Rodon
Joe Rothwell,Bournemouth,2,Midfielder,5,BOU,,,
Joe Willock,Newcastle,3,Midfielder,5,NEW,,,
Joe Worrall,Nott'm Forest,2,Defender,4.5,NFO,,,
Joel Matip,Liverpool,5,Defender,6,LIV,Joel Matip,224,Joel Matip
Joël Veltman,Brighton,3,Defender,4.5,BHA,Joël Veltman,62,Joël Veltman
Joel Ward,Crystal Palace,3,Defender,4.5,CRY,Joel Ward,474,Joel Ward
Joelinton Cássio Apolinário de Lira,Newcastle,3,Midfielder,6,NEW,Joelinton Cássio Apolinário de Lira,310,Joelinton
John McGinn,Aston Villa,3,Midfielder,5.5,AVL,John McGinn,35,John McGinn
John Stones,Man City,5,Defender,5.5,MCI,John Stones,252,John Stones
Jonathan Castro Otto,Wolves,3,Defender,4.5,WOL,Jonathan Castro Otto,433,Jonny
Jonathan Panzo,Nott'm Forest,2,Defender,4,NFO,,,
Jonjo Shelvey,Newcastle,3,Midfielder,5,NEW,Jonjo Shelvey,291,Jonjo Shelvey
Jonny Evans,Leicester,3,Defender,4.5,LEI,Jonny Evans,201,Jonny Evans
Jordan Ayew,Crystal Palace,3,Midfielder,5.5,CRY,Jordan Ayew,153,Jordan Ayew
Jordan Henderson,Liverpool,5,Midfielder,5.5,LIV,Jordan Henderson,222,Jordan Henderson
Jordan Pickford,Everton,3,Goalkeeper,4.5,EVE,Jordan Pickford,170,Jordan Pickford
Jordan Zemura,Bournemouth,2,Defender,4.5,BOU,,,
Jorge Luiz Frello Filho,Chelsea,4,Midfielder,6,CHE,Jorge Luiz Frello Filho,123,Jorginho
José Malheiro de Sá,Wolves,3,Goalkeeper,5,WOL,José Malheiro de Sá,475,José Sá
Joseph Gomez,Liverpool,5,Defender,4.5,LIV,Joseph Gomez,238,Joseph Gomez
Josh Dasilva,Brentford,3,Midfielder,4.5,BRE,Joseph Willock,19,Joe Willock
Josh Onomah,Fulham,2,Midfielder,4.5,FUL,,,
Josh Wilson-Esbrand,Man City,5,Defender,4,MCI,,,
Julián Álvarez,Man City,5,Forward,6.5,MCI,,,
Julio Enciso,Brighton,3,Forward,5,BHA,,,
Junior Firpo Adames,Leeds,2,Defender,4.5,LEE,Héctor Junior Firpo Adames,463,Júnior Firpo
Junior Stanislas,Bournemouth,2,Midfielder,5,BOU,,,
Kacper Kozłowski,Brighton,3,Midfielder,4.5,BHA,,,
Kai Havertz,Chelsea,4,Forward,8,CHE,Kai Havertz,141,Kai Havertz
Kalvin Phillips,Man City,5,Midfielder,5,MCI,Kalvin Phillips,191,Kalvin Phillips
Kaoru Mitoma,Brighton,3,Midfielder,5,BHA,,,
Karl Darlow,Newcastle,3,Goalkeeper,4,NEW,Karl Darlow,294,Karl Darlow
Kasper Schmeichel,Leicester,3,Goalkeeper,5,LEI,Kasper Schmeichel,200,Kasper Schmeichel
Keinan Davis,Aston Villa,3,Forward,5.5,AVL,Keinan Davis,49,Keinan Davis
Kelechi Iheanacho,Leicester,3,Forward,6.5,LEI,Kelechi Iheanacho,213,Kelechi Iheanacho
Kenny Tete,Fulham,2,Defender,4.5,FUL,,,
Kepa Arrizabalaga,Chelsea,4,Goalkeeper,4.5,CHE,Kepa Arrizabalaga,129,Kepa
Kevin De Bruyne,Man City,5,Midfielder,12,MCI,Kevin De Bruyne,251,Kevin De Bruyne
Kieffer Moore,Bournemouth,2,Forward,5.5,BOU,,,
Kieran Tierney,Arsenal,4,Defender,5,ARS,Kieran Tierney,16,Kieran Tierney
Kieran Trippier,Newcastle,3,Defender,5,NEW,Kieran Trippier,678,Kieran Trippier
Kiernan Dewsbury-Hall,Leicester,3,Midfielder,5,LEI,Kiernan Dewsbury-Hall,505,Kiernan Dewsbury-Hall
Konstantinos Tsimikas,Liverpool,5,Defender,4.5,LIV,Konstantinos Tsimikas,245,Konstantinos Tsimikas
Kortney Hause,Aston Villa,3,Defender,4.5,AVL,Kortney Hause,36,Kortney Hause
Kristoffer Ajer,Brentford,3,Defender,4.5,BRE,Kristoffer Ajer,483,Kristoffer Ajer
Kristoffer Klaesson,Leeds,2,Goalkeeper,4,LEE,Kristoffer Klaesson,490,Kristoffer Klaesson
Kurt Zouma,West Ham,3,Defender,4.5,WHU,Kurt Zouma,128,Kurt Zouma
Kyle Walker,Man City,5,Defender,5,MCI,Kyle Walker,249,Kyle Walker
Kyle Walker-Peters,Southampton,3,Defender,4.5,SOU,Kyle Walker-Peters,342,Kyle Walker-Peters
Leander Dendoncker,Wolves,3,Midfielder,5,WOL,Leander Dendoncker,434,Leander Dendoncker
Leandro Trossard,Brighton,3,Midfielder,6.5,BHA,Leandro Trossard,64,Leandro Trossard
Leo Fuhr Hjelde,Leeds,2,Defender,4,LEE,Leo Fuhr Hjelde,608,Leo Fuhr Hjelde
Leon Bailey,Aston Villa,3,Midfielder,5,AVL,Leon Bailey,492,Leon Bailey
Lewis Bate,Leeds,2,Midfielder,4.5,LEE,Lewis Bate,624,Lewis Bate
Lewis Brunt,Leicester,3,Defender,4,LEI,Lewis Brunt,646,Lewis Brunt
Lewis Cook,Bournemouth,2,Midfielder,5,BOU,,,
Lewis Dunk,Brighton,3,Defender,4.5,BHA,Lewis Dunk,59,Lewis Dunk
Liam Cooper,Leeds,2,Defender,4.5,LEE,Liam Cooper,184,Liam Cooper
Liam Delap,Man City,5,Forward,4.5,MCI,Liam Delap,704,Liam Delap
Lloyd Kelly,Bournemouth,2,Defender,4.5,BOU,,,
Loïc Mbe Soh,Nott'm Forest,2,Defender,4.5,NFO,,,
Lucas Digne,Aston Villa,3,Defender,5,AVL,Lucas Digne,168,Lucas Digne
Lucas Rodrigues Moura da Silva,Spurs,4,Midfielder,6,TOT,Lucas Rodrigues Moura da Silva,362,Lucas Moura
Lucas Torreira di Pascua,Arsenal,4,Midfielder,4.5,ARS,Lucas Torreira,18,Lucas Torreira
Luis Díaz,Liverpool,5,Midfielder,8,LIV,Luis Díaz,696,Luis Díaz
Luka Milivojevic,Crystal Palace,3,Midfielder,4.5,CRY,Luka Milivojevic,152,Luka Milivojevic
Lukasz Fabianski,West Ham,3,Goalkeeper,5,WHU,Lukasz Fabianski,408,Lukasz Fabianski
Luke Ayling,Leeds,2,Defender,4.5,LEE,Luke Ayling,185,Luke Ayling
Luke Cundle,Wolves,3,Midfielder,4.5,WOL,Luke Cundle,547,Luke Cundle
Luke Mbete-Tabu,Man City,5,Defender,4,MCI,,,
Luke Plange,Crystal Palace,3,Forward,4.5,CRY,,,
Luke Shaw,Man Utd,4,Defender,5,MUN,Luke Shaw,275,Luke Shaw
Luke Thomas,Leicester,3,Defender,4.5,LEI,Luke Thomas,219,Luke Thomas
Lyanco Silveira Neves Vojnovic,Southampton,3,Defender,4.5,SOU,Lyanco Evangelista Silveira Neves Vojnovic,567,Lyanco
Lyle Taylor,Nott'm Forest,2,Forward,4.5,NFO,,,
Mads Bech Sørensen,Brentford,3,Defender,4.5,BRE,Mads Bech Sørensen,90,Mads Bech Sørensen
Mads Bidstrup,Brentford,3,Midfielder,4.5,BRE,Mads Bidstrup,97,Mads Bidstrup
Mads Roerslev Rasmussen,Brentford,3,Defender,4.5,BRE,Mads Roerslev Rasmussen,89,Mads Roerslev
Malang Sarr,Chelsea,4,Defender,5,CHE,Malang Sarr,501,Malang Sarr
Malcolm Ebiowei,Crystal Palace,3,Midfielder,4.5,CRY,,,
Manuel Lanzini,West Ham,3,Midfielder,5.5,WHU,Manuel Lanzini,416,Manuel Lanzini
Marc Albrighton,Leicester,3,Midfielder,5,LEI,Marc Albrighton,202,Marc Albrighton
Marc Cucurella Saseta,Brighton,3,Defender,5,BHA,Marc Cucurella,584,Marc Cucurella
Marc Guéhi,Crystal Palace,3,Defender,4.5,CRY,Marc Guéhi,477,Marc Guehi
Marc Roca Junqué,Leeds,2,Midfielder,5,LEE,,,
Marcos Alonso,Chelsea,4,Defender,5.5,CHE,Marcos Alonso,122,Marcos Alonso
Marcus Forss,Brentford,3,Forward,4.5,BRE,Marcus Forss,88,Marcus Forss
Marcus Oliveira Alencar,Arsenal,4,Midfielder,5,ARS,,,
Marcus Rashford,Man Utd,4,Midfielder,6.5,MUN,Marcus Rashford,281,Marcus Rashford
Marek Rodák,Fulham,2,Goalkeeper,4.5,FUL,,,
Mark Travers,Bournemouth,2,Goalkeeper,4.5,BOU,,,
Martin Dubravka,Newcastle,3,Goalkeeper,4.5,NEW,Martin Dubravka,295,Martin Dubravka
Martin Ødegaard,Arsenal,4,Midfielder,6.5,ARS,Martin Ødegaard,558,Martin Odegaard
Marvelous Nakamba,Aston Villa,3,Midfielder,4.5,AVL,Marvelous Nakamba,41,Marvelous Nakamba
Mason Holgate,Everton,3,Defender,4.5,EVE,Mason Holgate,178,Mason Holgate
Mason Mount,Chelsea,4,Midfielder,8,CHE,Mason Mount,138,Mason Mount
Mateo Kovacic,Chelsea,4,Midfielder,5,CHE,Mateo Kovacic,125,Mateo Kovacic
Mateusz Klich,Leeds,2,Midfielder,5,LEE,Mateusz Klich,186,Mateusz Klich
Mateusz Lis,Southampton,3,Goalkeeper,4,SOU,,,
Mathias Jensen,Brentford,3,Midfielder,5,BRE,Mathias Jensen,86,Mathias Jensen
Matija Šarkić,Wolves,3,Goalkeeper,4,WOL,,,
Matt Doherty,Spurs,4,Defender,5,TOT,Matt Doherty,360,Matt Doherty
Matt Ritchie,Newcastle,3,Defender,4.5,NEW,Matt Ritchie,292,Matt Ritchie
Matt Targett,Newcastle,3,Defender,5,NEW,Matt Targett,39,Matt Targett
Matt Turner,Arsenal,4,Goalkeeper,4,ARS,,,
Matty Cash,Aston Villa,3,Defender,5,AVL,Matthew Cash,44,Matthew Cash
Max Kilman,Wolves,3,Defender,4.5,WOL,Max Kilman,439,Max Kilman
Michael Keane,Everton,3,Defender,4.5,EVE,Michael Keane,169,Michael Keane
Michael Olise,Crystal Palace,3,Midfielder,5.5,CRY,Michael Olise,464,Michael Olise
Michail Antonio,West Ham,3,Forward,7.5,WHU,Michail Antonio,413,Michail Antonio
Miguel Almirón Rejala,Newcastle,3,Midfielder,5,NEW,Miguel Almirón,308,Miguel Almirón
Mohamed Dräger,Nott'm Forest,2,Defender,4,NFO,,,
Mohamed Elneny,Arsenal,4,Midfielder,4.5,ARS,Mohamed Naser El Sayed Elneny,12,Mohamed Elneny
Mohamed Elyounoussi,Southampton,3,Midfielder,5.5,SOU,Mohamed Elyounoussi,517,Mohamed Elyounoussi
Mohamed Salah,Liverpool,5,Midfielder,13,LIV,Mohamed Salah,233,Mohamed Salah
Mohammed Salisu,Southampton,3,Defender,4.5,SOU,Mohammed Salisu,351,Mohammed Salisu
Moisés Caicedo Corozo,Brighton,3,Midfielder,5,BHA,Moisés Caicedo,538,Moisés Caicedo
Morgan Gibbs-White,Wolves,3,Midfielder,5.5,WOL,Morgan Gibbs-White,440,Morgan Gibbs-White
Morgan Sanson,Aston Villa,3,Midfielder,4.5,AVL,Morgan Sanson,34,Morgan Sanson
Moussa Djenepo,Southampton,3,Midfielder,5,SOU,Moussa Djenepo,350,Moussa Djenepo
Moussa Niakhaté,Nott'm Forest,2,Defender,4.5,NFO,,,
N'Golo Kanté,Chelsea,4,Midfielder,5,CHE,N'Golo Kanté,130,N&#039;Golo Kanté
Naby Keita,Liverpool,5,Midfielder,5,LIV,Naby Keita,239,Naby Keita
Nampalys Mendy,Leicester,3,Midfielder,4.5,LEI,Nampalys Mendy,203,Nampalys Mendy
Nathan Aké,Man City,5,Defender,5,MCI,Nathan Aké,258,Nathan Aké
Nathan Ferguson,Crystal Palace,3,Defender,4,CRY,Nathan Ferguson,161,Nathan Ferguson
Nathan Patterson,Everton,3,Defender,4,EVE,,,
Nathan Redmond,Southampton,3,Midfielder,5.5,SOU,Nathan Redmond,336,Nathan Redmond
Nathan Tella,Southampton,3,Midfielder,5,SOU,Nathan Tella,346,Nathan Tella
Nathaniel Chalobah,Fulham,2,Midfielder,4.5,FUL,Nathaniel Chalobah,385,Nathaniel Chalobah
Nathaniel Clyne,Crystal Palace,3,Defender,4.5,CRY,Nathaniel Clyne,493,Nathaniel Clyne
Nathaniel Phillips,Liverpool,5,Defender,4,LIV,Nathaniel Phillips,241,Nathaniel Phillips
Nayef Aguerd,West Ham,3,Defender,5,WHU,,,
Neal Maupay,Brighton,3,Forward,6.5,BHA,Neal Maupay,63,Neal Maupay
Neco Williams,Liverpool,5,Defender,4,LIV,Neco Williams,246,Neco Williams
Neeskens Kebano,Fulham,2,Midfielder,5.5,FUL,,,
Nélson Cabral Semedo,Wolves,3,Defender,5,WOL,Nélson Cabral Semedo,437,Nélson Semedo
Nick Pope,Newcastle,3,Goalkeeper,5,NEW,Nick Pope,112,Nick Pope
Nicolas Pépé,Arsenal,4,Midfielder,5.5,ARS,Nicolas Pépé,17,Nicolas Pepe
Niels Nkounkou,Everton,3,Defender,4,EVE,Niels Nkounkou,570,Niels Nkounkou
Nikola Vlasic,West Ham,3,Midfielder,5,WHU,Nikola Vlasic,582,Nikola Vlasic
Nuno Varela Tavares,Arsenal,4,Defender,4.5,ARS,Nuno Varela Tavares,466,Nuno Tavares
Odsonne Edouard,Crystal Palace,3,Forward,5.5,CRY,Odsonne Edouard,586,Odsonne Edouard
Oleksandr Zinchenko,Man City,5,Defender,5,MCI,Oleksandr Zinchenko,264,Oleksandr Zinchenko
Oliver Skipp,Spurs,4,Midfielder,4.5,TOT,Oliver Skipp,373,Oliver Skipp
Ollie Watkins,Aston Villa,3,Forward,7.5,AVL,Ollie Watkins,40,Ollie Watkins
Oriol Romeu Vidal,Southampton,3,Midfielder,5,SOU,Oriol Romeu Vidal,335,Oriol Romeu
Pablo Fornals Malla,West Ham,3,Midfielder,5.5,WHU,Pablo Fornals,423,Pablo Fornals
Pablo Marí Villar,Arsenal,4,Defender,4.5,ARS,Pablo Marí,8,Pablo Marí
Pape Matar Sarr,Spurs,4,Midfielder,4.5,TOT,,,
Pascal Groß,Brighton,3,Midfielder,5.5,BHA,Pascal Groß,55,Pascal Groß
Pascal Struijk,Leeds,2,Defender,4.5,LEE,Pascal Struijk,198,Pascal Struijk
Patrick Bamford,Leeds,2,Forward,7.5,LEE,Patrick Bamford,189,Patrick Bamford
Patson Daka,Leicester,3,Forward,6,LEI,Patson Daka,455,Patson Daka
Paul Dummett,Newcastle,3,Defender,4,NEW,Paul Dummett,301,Paul Dummett
Paulo Gazzaniga Farias,Fulham,2,Goalkeeper,4,FUL,,,
Pedro Lomba Neto,Wolves,3,Midfielder,5.5,WOL,Pedro Lomba Neto,441,Pedro Neto
Phil Foden,Man City,5,Midfielder,8,MCI,Phil Foden,265,Phil Foden
Phil Jones,Man Utd,4,Defender,4,MUN,Phil Jones,632,Phil Jones
Philip Billing,Bournemouth,2,Midfielder,5.5,BOU,,,
Philippe Coutinho Correia,Aston Villa,3,Midfielder,7,AVL,Philippe Coutinho Correia,681,Philippe Coutinho
Pierre-Emile Højbjerg,Spurs,4,Midfielder,5.5,TOT,Pierre-Emile Højbjerg,365,Pierre-Emile Højbjerg
Pontus Jansson,Brentford,3,Defender,4.5,BRE,Pontus Jansson,76,Pontus Jansson
Raheem Sterling,Man City,5,Midfielder,10,MCI,Raheem Sterling,255,Raheem Sterling
Raphael Dias Belloli,Leeds,2,Midfielder,7,LEE,Raphael Dias Belloli,196,Raphinha
Raphaël Varane,Man Utd,4,Defender,5,MUN,Raphaël Varane,555,Raphael Varane
Rasmus Kristensen,Leeds,2,Defender,5,LEE,,,
Raúl Jiménez,Wolves,3,Forward,7,WOL,Raúl Jiménez,430,Raúl Jiménez
Rayan Aït-Nouri,Wolves,3,Defender,4.5,WOL,Rayan Ait Nouri,470,Rayan Ait Nouri
Reece James,Chelsea,4,Defender,6,CHE,Reece James,142,Reece James
Reiss Nelson,Arsenal,4,Midfielder,5,ARS,Reiss Nelson,531,Reiss Nelson
Remi Matthews,Crystal Palace,3,Goalkeeper,4,CRY,,,
Rhys Williams,Liverpool,5,Defender,4,LIV,Rhys Williams,247,Rhys Williams
Ricardo Barbosa Pereira,Leicester,3,Defender,4.5,LEI,Ricardo Domingos Barbosa Pereira,207,Ricardo Pereira
Richarlison de Andrade,Spurs,4,Forward,8.5,TOT,Richarlison de Andrade,180,Richarlison
Richie Laryea,Nott'm Forest,2,Defender,4.5,NFO,,,
Rico Henry,Brentford,3,Defender,4.5,BRE,Rico Henry,83,Rico Henry
Riyad Mahrez,Man City,5,Midfielder,8,MCI,Riyad Mahrez,254,Riyad Mahrez
Rob Holding,Arsenal,4,Defender,4.5,ARS,Rob Holding,14,Rob Holding
Robert Kenedy Nunes do Nascimento,Chelsea,4,Defender,4,CHE,Robert Kenedy Nunes do Nascimento,690,Kenedy
Robert Sánchez,Brighton,3,Goalkeeper,4.5,BHA,Robert Sánchez,69,Robert Sánchez
Roberto Firmino,Liverpool,5,Forward,8,LIV,Roberto Firmino,228,Roberto Firmino
Robin Koch,Leeds,2,Defender,4.5,LEE,Robin Koch,194,Robin Koch
Robin Olsen,Aston Villa,3,Goalkeeper,4,AVL,Robin Olsen,691,Robin Olsen
Rodrigo Bentancur,Spurs,4,Midfielder,5.5,TOT,Rodrigo Bentancur,702,Rodrigo Bentancur
Rodrigo Hernandez,Man City,5,Midfielder,6,MCI,Rodrigo Hernandez,266,Rodri
Rodrigo Moreno,Leeds,2,Midfielder,6,LEE,Rodrigo Moreno,187,Rodrigo
Rodrigo Muniz Carvalho,Fulham,2,Forward,5.5,FUL,,,
Romain Perraud,Southampton,3,Defender,4.5,SOU,Romain Perraud,460,Romain Perraud
Roméo Lavia,Southampton,3,Midfielder,4.5,SOU,,,
Ross Barkley,Chelsea,4,Midfielder,5,CHE,Ross Barkley,124,Ross Barkley
Rúben da Silva Neves,Wolves,3,Midfielder,5.5,WOL,Rúben Diogo da Silva Neves,436,Rúben Neves
Rúben Gato Alves Dias,Man City,5,Defender,6,MCI,,,
Ruben Loftus-Cheek,Chelsea,4,Midfielder,5,CHE,Ruben Loftus-Cheek,132,Ruben Loftus-Cheek
Ryan Bertrand,Leicester,3,Defender,4,LEI,Ryan Bertrand,473,Ryan Bertrand
Ryan Christie,Bournemouth,2,Midfielder,5.5,BOU,,,
Ryan Fraser,Newcastle,3,Midfielder,5.5,NEW,Ryan Fraser,298,Ryan Fraser
Ryan Fredericks,Bournemouth,2,Defender,4.5,BOU,Ryan Fredericks,415,Ryan Fredericks
Ryan Sessegnon,Spurs,4,Defender,4.5,TOT,Ryan Sessegnon,368,Ryan Sessegnon
Ryan Yates,Nott'm Forest,2,Midfielder,5,NFO,,,
Saïd Benrahma,West Ham,3,Midfielder,6,WHU,Saïd Benrahma,419,Said Benrahma
Salomón Rondón,Everton,3,Forward,5,EVE,Salomón Rondón,591,Salomón Rondón
Sam Greenwood,Leeds,2,Forward,4.5,LEE,Sam Greenwood,550,Sam Greenwood
Sam Johnstone,Crystal Palace,3,Goalkeeper,4.5,CRY,,,
Sam Surridge,Nott'm Forest,2,Forward,5,NFO,,,
Saman Ghoddos,Brentford,3,Midfielder,5,BRE,Saman Ghoddos,85,Saman Ghoddos
Scott Carson,Man City,5,Goalkeeper,4,MCI,Scott Carson,593,Scott Carson
Scott McKenna,Nott'm Forest,2,Defender,4.5,NFO,,,
Scott McTominay,Man Utd,4,Midfielder,5,MUN,Scott McTominay,285,Scott McTominay
Seamus Coleman,Everton,3,Defender,4.5,EVE,Seamus Coleman,165,Seamus Coleman
Sean Longstaff,Newcastle,3,Midfielder,4.5,NEW,Sean Longstaff,309,Sean Longstaff
Sepp van den Berg,Liverpool,5,Defender,4,LIV,,,
Sergi Canós Tenés,Brentford,3,Defender,5,BRE,Sergi Canós,81,Sergi Canos
Sergio Reguilón,Spurs,4,Defender,4.5,TOT,Sergio Reguilón,370,Sergio Reguilón
Shandon Baptiste,Brentford,3,Midfielder,4.5,BRE,Shandon Baptiste,499,Shandon Baptiste
Shane Duffy,Brighton,3,Defender,4.5,BHA,Shane Duffy,56,Shane Duffy
Siriki Dembélé,Bournemouth,2,Midfielder,5,BOU,,,
Solly March,Brighton,3,Midfielder,5,BHA,Shola Shoretire,727,Shola Shoretire
Son Heung-min,Spurs,4,Midfielder,12,TOT,Heung-Min Son,359,Son Heung-Min
Stefan Ortega Moreno,Man City,5,Goalkeeper,4,MCI,,,
Steve Cook,Nott'm Forest,2,Defender,4.5,NFO,,,
Steven Alzate,Brighton,3,Midfielder,4.5,BHA,Steven Alzate,73,Steven Alzate
Steven Bergwijn,Spurs,4,Midfielder,5.5,TOT,Steven Bergwijn,369,Steven Bergwijn
Stuart Armstrong,Southampton,3,Midfielder,5,SOU,Stuart Armstrong,339,Stuart Armstrong
Stuart Dallas,Leeds,2,Defender,5,LEE,Stuart Dallas,188,Stuart Dallas
Sven Botman,Newcastle,3,Defender,4.5,NEW,,,
Taiwo Awoniyi,Nott'm Forest,2,Forward,6,NFO,,,
Takehiro Tomiyasu,Arsenal,4,Defender,4.5,ARS,Takehiro Tomiyasu,590,Takehiro Tomiyasu
Tariq Lamptey,Brighton,3,Defender,4.5,BHA,Tariq Lamptey,71,Tariq Lamptey
Taylor Richards,Brighton,3,Midfielder,4.5,BHA,Taylor Richards,537,Taylor Richards
Terence Kongolo,Fulham,2,Defender,4,FUL,,,
Theo Walcott,Southampton,3,Midfielder,5,SOU,Theo Walcott,332,Theo Walcott
Thiago Alcántara do Nascimento,Liverpool,5,Midfielder,5.5,LIV,Thiago Alcántara do Nascimento,225,Thiago Alcántara
Thiago Emiliano da Silva,Chelsea,4,Defender,5.5,CHE,Thiago Emiliano da Silva,121,Thiago Silva
Thomas Partey,Arsenal,4,Midfielder,5,ARS,Thomas Partey,15,Thomas Partey
Tim Iroegbunam,Aston Villa,3,Midfielder,4.5,AVL,Tim Iroegbunam,638,Tim Iroegbunam
Tim Ream,Fulham,2,Defender,4.5,FUL,,,
Timo Werner,Chelsea,4,Forward,8,CHE,Timo Werner,134,Timo Werner
Timothy Castagne,Leicester,3,Defender,4.5,LEI,Timothy Castagne,209,Timothy Castagne
Tino Livramento,Southampton,3,Defender,4.5,SOU,Tino Livramento,491,Valentino Livramento
Tom Cairney,Fulham,2,Midfielder,5,FUL,,,
Tom Davies,Everton,3,Midfielder,5,EVE,Tom Davies,176,Tom Davies
Tom Heaton,Man Utd,4,Goalkeeper,4,MUN,,,
Tomas Soucek,West Ham,3,Midfielder,5.5,WHU,Tomas Soucek,422,Tomas Soucek
Tosin Adarabioyo,Fulham,2,Defender,4.5,FUL,,,
Toti António Gomes,Wolves,3,Defender,4,WOL,Toti António Gomes,685,Toti
Trent Alexander-Arnold,Liverpool,5,Defender,7.5,LIV,Trent Alexander-Arnold,237,Trent Alexander-Arnold
Trevoh Chalobah,Chelsea,4,Defender,5,CHE,Trevoh Chalobah,527,Trevoh Chalobah
Troy Parrott,Spurs,4,Forward,4.5,TOT,,,
Tyler Adams,Leeds,2,Midfielder,5,LEE,,,
Tyler Roberts,Leeds,2,Midfielder,5,LEE,Tyler Roberts,193,Tyler Roberts
Tyrell Malacia,Man Utd,4,Defender,4.5,MUN,,,
Tyrick Mitchell,Crystal Palace,3,Defender,4.5,CRY,Tyrick Mitchell,162,Tyrick Mitchell
Tyrone Mings,Aston Villa,3,Defender,4.5,AVL,Tyrone Mings,38,Tyrone Mings
Vicente Guaita,Crystal Palace,3,Goalkeeper,4.5,CRY,Vicente Guaita,146,Vicente Guaita
Victor Lindelöf,Man Utd,4,Defender,4.5,MUN,Victor Lindelöf,284,Victor Lindelöf
Virgil van Dijk,Liverpool,5,Defender,6.5,LIV,Virgil van Dijk,229,Virgil van Dijk
Vitalii Mykolenko,Everton,3,Defender,4.5,EVE,Vitalii Mykolenko,675,Vitalii Mykolenko
Vitaly Janelt,Brentford,3,Midfielder,5.5,BRE,Vitaly Janelt,84,Vitaly Janelt
Vladimir Coufal,West Ham,3,Defender,4.5,WHU,Vladimir Coufal,418,Vladimir Coufal
Wesley Fofana,Leicester,3,Defender,4.5,LEI,Wesley Fofana,220,Wesley Fofana
Wilfred Ndidi,Leicester,3,Midfielder,5,LEI,Wilfred Ndidi,216,Wilfred Ndidi
Wilfried Zaha,Crystal Palace,3,Midfielder,7,CRY,Wilfried Zaha,154,Wilfried Zaha
Will Dennis,Bournemouth,2,Goalkeeper,4,BOU,,,
Will Hughes,Crystal Palace,3,Midfielder,5,CRY,Will Hughes,386,Will Hughes
Will Smallbone,Southampton,3,Midfielder,4.5,SOU,,,
William Saliba,Arsenal,4,Defender,4.5,ARS,William Saliba,27,William Saliba
Willy Boly,Wolves,3,Defender,4.5,WOL,Willy Boly,428,Willy Boly
Willy Caballero,Southampton,3,Goalkeeper,4,SOU,Willy Caballero,641,Willy Caballero
Xande Nascimento da Costa Silva,Nott'm Forest,2,Midfielder,5,NFO,,,
Yan Valery,Southampton,3,Defender,4,SOU,Yan Valery,546,Yan Valery
Yerry Mina,Everton,3,Defender,4.5,EVE,Yerry Mina,175,Yerry Mina
Yerson Mosquera Valdelamar,Wolves,3,Defender,4,WOL,,,
Yoane Wissa,Brentford,3,Midfielder,5.5,BRE,Yoane Wissa,524,Yoane Wissa
Youri Tielemans,Leicester,3,Midfielder,6.5,LEI,Youri Tielemans,210,Youri Tielemans
Yves Bissouma,Spurs,4,Midfielder,5,TOT,Yves Bissouma,70,Yves Bissouma
Zack Steffen,Man City,5,Goalkeeper,4,MCI,Zack Steffen,260,Zack Steffen